,Place Name,Place ID,Latitude,Longitude,Rating,Rate_amount,Types,Address
0,康是美(萬芳門市),ChIJ6b2WqBOqQjQRHgkEyBj3JLM,24.9995993,121.5567291,3.7,17,"['drugstore', 'health', 'point_of_interest', 'store', 'establishment']",文山區興隆路三段88號
1,屈臣氏 木柵門市,ChIJHRtzvROqQjQRuFFl4jyrrRY,25.0003835,121.55612,3.5,39,"['drugstore', 'health', 'point_of_interest', 'store', 'establishment']",文山區興隆路三段53號
4,康是美(安居門市),ChIJUc233DaqQjQRx0lTrpjQGHk,25.0211898,121.5552728,4,32,"['drugstore', 'health', 'point_of_interest', 'store', 'establishment']",大安區安居街5號
5,屈臣氏和平三門市,ChIJpQb3tzeqQjQRXDVNyiKcONU,25.0191438,121.5583185,3.2,17,"['drugstore', 'health', 'point_of_interest', 'store', 'establishment']","1樓, No. 433號, 和平東路三段, 信義區"
6,屈臣氏 安居,ChIJheauKTeqQjQRXQCQuZCC1bk,25.0205839,121.5545885,3.2,17,"['drugstore', 'health', 'point_of_interest', 'store', 'establishment']",大安區安居街27號
7,康是美六張犁門市,ChIJs6sd7zOqQjQRs_bpenK8mNc,25.0244491,121.5530453,3.5,44,"['drugstore', 'health', 'point_of_interest', 'store', 'establishment']",信義區基隆路二段201-1號1樓
11,康是美 (新通化門市),ChIJJQHfgcurQjQR9bPlUz3j8Xw,25.0313158,121.5540701,3.8,10,"['drugstore', 'health', 'point_of_interest', 'store', 'establishment']",大安區通化街28號
12,屈臣氏Watsons (來店取貨),ChIJ14UofMurQjQR14dFcryIumo,25.0310326,121.5543472,3.4,23,"['drugstore', 'health', 'point_of_interest', 'store', 'establishment']",大安區通化街37號
14,康是美 (富運門市),ChIJMR1YpC6qQjQRiQkdcTBMr2c,25.025515,121.5436754,4.3,8,"['drugstore', 'health', 'point_of_interest', 'store', 'establishment']",大安區復興南路二段279號
15,屈臣氏,ChIJfx0SHCyqQjQRYgorrne8_wg,25.0262255,121.543644,3.3,28,"['drugstore', 'health', 'point_of_interest', 'store', 'establishment']",大安區復興南路二段205號
17,康是美（臥龍門市）,ChIJqwk2uy6qQjQRskLyWg7No2s,25.0247848,121.546927,4.1,24,"['drugstore', 'health', 'point_of_interest', 'store', 'establishment']",大安區和平東路三段7號
18,屈臣氏Watsons (來店取貨),ChIJj8ixdi6qQjQRWhz7QI0Xq4g,25.0247778,121.5465248,4,13,"['drugstore', 'health', 'point_of_interest', 'store', 'establishment']",大安區和平東路二段365號
20,屈臣氏Watsons（臨江店）,ChIJV1Gq4cqrQjQRXvcMpYKlpIk,25.0295114,121.5572686,4.4,18,"['drugstore', 'health', 'point_of_interest', 'store', 'establishment']",大安區光復南路704號
22,屈臣氏 和平,ChIJrQfevymqQjQRskKwzvAs708,25.0257522,121.5385237,3.7,27,"['drugstore', 'health', 'point_of_interest', 'store', 'establishment']",大安區和平東路二段55號
25,康是美(大安門市),ChIJgen6A9OrQjQRPyJeQqVoNeA,25.0331519,121.5452453,2.4,10,"['drugstore', 'health', 'point_of_interest', 'store', 'establishment']",大安區信義路四段54號
29,屈臣氏 信義三,ChIJGz96EtOrQjQR8dtGAaWbqV8,25.0330582,121.5444411,3.1,30,"['drugstore', 'health', 'point_of_interest', 'store', 'establishment']",大安區信義路四段22號
35,屈臣氏 崇光店,ChIJyaFKdNqrQjQRqHCKzYlBsZo,25.0418439,121.5444033,2.6,69,"['drugstore', 'health', 'point_of_interest', 'store', 'establishment']",大安區忠孝東路四段15號
38,康是美(台安門市),ChIJ86GL6NyrQjQRmUNPgCCn5NA,25.0484073,121.5467103,4,5,"['drugstore', 'health', 'point_of_interest', 'store', 'establishment']",松山區八德路二段435號
39,屈臣氏,ChIJE8I2usWrQjQR7I-RASLmR60,25.0417081,121.5519743,2.6,111,"['drugstore', 'health', 'point_of_interest', 'store', 'establishment']",大安區忠孝東路四段209號
40,屈臣氏Watsons (來店取貨),ChIJOZ5p6dyrQjQRxMIlWPOifbQ,25.0480355,121.5468509,3.4,14,"['drugstore', 'health', 'point_of_interest', 'store', 'establishment']",松山區八德路二段406號
42,康是美(延吉門市),ChIJ4XzMd8arQjQR_5hm336HAYs,25.0411499,121.554327,2.8,12,"['drugstore', 'health', 'point_of_interest', 'store', 'establishment']",大安區忠孝東路四段250號
43,屈臣氏Watsons (來店取貨),ChIJmbPuyN2rQjQRhSZ--ICNbqA,25.050291,121.5437986,3.1,32,"['drugstore', 'health', 'point_of_interest', 'store', 'establishment']",中山區復興北路60號
46,康是美 (微風門市),ChIJCwxrP9qrQjQRjcTztUheWyU,25.0433357,121.5440383,4.2,35,"['drugstore', 'health', 'point_of_interest', 'store', 'establishment']","號 1樓, No. 125, 復興南路一段, 大安區"
47,康是美 頂東門市,ChIJI2x1CyCrQjQRgDcjv3W3Ja4,25.043469,121.5462635,4.3,12,"['drugstore', 'health', 'point_of_interest', 'store', 'establishment']","1樓, No. 43號, 大安路一段, 大安區"
48,COSMED 康是美 明曜門市,ChIJ_XdHfc-rQjQRQr3FsUDYkCU,25.0398318,121.5519591,3.7,21,"['drugstore', 'health', 'point_of_interest', 'store', 'establishment']",大安區忠孝東路四段216巷32弄20號
50,康是美 新中崙門市,ChIJ7TX_1i6rQjQR5wuptigEHXk,25.048084,121.5511794,5,4,"['drugstore', 'health', 'point_of_interest', 'store', 'establishment']",松山區八德路三段22之2號1號樓b區
51,康是美(復興門市),ChIJ7Wi6yN2rQjQRy-trfnBxADQ,25.0504583,121.5437793,3.9,26,"['drugstore', 'health', 'point_of_interest', 'store', 'establishment']",中山區復興北路62號
54,康是美 (敦北門市),ChIJi_pJiuirQjQRDP67Kko4IHY,25.0538751,121.5493551,4.2,24,"['drugstore', 'health', 'point_of_interest', 'store', 'establishment']",松山區敦化北路147號
55,康是美 (興北門市),ChIJl85GQeerQjQRRj2eAp-Pj9I,25.0535134,121.5437149,4.2,11,"['drugstore', 'health', 'point_of_interest', 'store', 'establishment']",中山區復興北路164號
60,康是美(西華門市),ChIJ112rsOWrQjQRRxE8Z4kHFp0,25.0588119,121.5462564,3.9,9,"['drugstore', 'health', 'point_of_interest', 'store', 'establishment']","號1樓, No. 30, 復興北路313巷, 松山區"
61,屈臣氏Watsons (來店取貨),ChIJcYLcsmGpQjQRzeDHt6iKiJQ,25.0518054,121.5350793,2.4,26,"['drugstore', 'health', 'point_of_interest', 'store', 'establishment']",中山區南京東路二段178號
63,屈臣氏Watsons (來店取貨),ChIJ1YKqpOOrQjQRyWs882GqLQ4,25.0603286,121.540826,3.7,38,"['drugstore', 'health', 'point_of_interest', 'store', 'establishment']",中山區龍江路283號
65,屈臣氏-民生,ChIJvXjX5O6rQjQRE_jZS4SREJE,25.057794,121.551796,3.5,14,"['drugstore', 'health', 'point_of_interest', 'store', 'establishment']",松山區民生東路四段60號
67,屈臣氏Watsons (來店取貨),ChIJxR7Ph92rQjQRru91-G3Y1yg,25.0520289,121.5449105,2.4,60,"['drugstore', 'health', 'point_of_interest', 'store', 'establishment']",松山區南京東路三段259號
69,康是美(慶城門市),ChIJu3XycOerQjQReArWDC3kE8Q,25.0530791,121.5452063,4.4,11,"['drugstore', 'health', 'point_of_interest', 'store', 'establishment']",松山區慶城街14號1樓+2樓
70,屈臣氏Watsons,ChIJA0ZTKmmpQjQRA2iH8YD2Wck,25.0521526,121.5402091,3.6,9,"['drugstore', 'health', 'point_of_interest', 'store', 'establishment']",中山區南京東路三段125號
73,康是美 (復錦門市),ChIJucq2YeSrQjQRsW3g_4jRLEQ,25.0602595,121.5439216,3.8,42,"['drugstore', 'health', 'point_of_interest', 'store', 'establishment']",中山區復興北路354號
74,屈臣氏Watsons (來店取貨),ChIJH3AZe-SrQjQRahzpH_AEKR4,25.060026,121.5433145,3.3,22,"['drugstore', 'health', 'point_of_interest', 'store', 'establishment']","1F, No. 448號, 錦州街, 中山區"
78,康是美 (龍江門市),ChIJQwy67vyrQjQRi-vLNhAXk2k,25.0653919,121.5408374,3.9,12,"['drugstore', 'health', 'point_of_interest', 'store', 'establishment']","1樓 1樓, No. 334號, 龍江路, 中山區"
79,屈臣氏民權店,ChIJjeJcMOWrQjQRIkSnjZ1LdYE,25.0618461,121.5464189,2.1,29,"['drugstore', 'health', 'point_of_interest', 'store', 'establishment']",松山區民權東路三段136號
85,康是美(松航門市),ChIJs0ZPqPGrQjQRC3l9SbHZIHs,25.0641116,121.5518114,3.3,7,"['drugstore', 'health', 'point_of_interest', 'store', 'establishment']",松山區敦化北路340-9號
90,屈臣氏Watsons (來店取貨),ChIJkQNV-_yrQjQR7y1hotSy_b8,25.0658731,121.5402216,2.7,7,"['drugstore', 'health', 'point_of_interest', 'store', 'establishment']",中山區龍江路356巷16號
102,屈臣氏Watsons,ChIJH__9twWsQjQRgMZKG-P8hA0,25.0796907,121.5462542,3,19,"['drugstore', 'health', 'point_of_interest', 'store', 'establishment']",中山區北安路520-4號
104,屈臣氏 實踐門市,ChIJh2mcOwWsQjQRiTN-Q-eIPBI,25.0826799,121.546473,2.3,21,"['drugstore', 'health', 'point_of_interest', 'store', 'establishment']",中山區大直街43號
105,康是美北安,ChIJu22j-g-sQjQRycoU2u0pYJU,25.08238,121.54906,3.8,55,"['drugstore', 'health', 'point_of_interest', 'store', 'establishment']",中山區北安路616號1樓
108,康是美 (薇閣門市),ChIJQYYUTBKsQjQRTwkblw9Z0Io,25.0837736,121.555979,4,35,"['drugstore', 'health', 'point_of_interest', 'store', 'establishment']",中山區敬業三路11號
109,屈臣氏Watsons,ChIJv5FB6hKsQjQRFb35vjJ2OV8,25.082428,121.557985,3.8,9,"['drugstore', 'health', 'point_of_interest', 'store', 'establishment']","1F, No. 218號, 樂群三路, 中山區"
111,康是美 新湖門市,ChIJtatEkm6sQjQR1lx2DhkR6SI,25.0823473,121.5669674,4,51,"['drugstore', 'health', 'point_of_interest', 'store', 'establishment']",內湖區內湖路一段287號
112,屈臣氏Watsons (來店取貨),ChIJzZuOnG6sQjQRefYrhBRkUa0,25.0825062,121.5658343,3.1,28,"['drugstore', 'health', 'point_of_interest', 'store', 'establishment']",內湖區內湖路一段279號
114,康是美 麗山門市,ChIJj0Z7imWsQjQRXv3MDNnt_34,25.0816265,121.5712755,4.1,27,"['drugstore', 'health', 'point_of_interest', 'store', 'establishment']",內湖區內湖路一段419號
118,康是美 (麗湖門市),ChIJoeMJxmOsQjQRNmE_uuGlrU0,25.0802885,121.579066,3.7,43,"['drugstore', 'health', 'point_of_interest', 'store', 'establishment']",內湖區內湖路一段737巷47號
119,屈臣氏 港墘,ChIJfSCPuGOsQjQRa3qmiROP9ds,25.0798735,121.5788048,2.9,29,"['drugstore', 'health', 'point_of_interest', 'store', 'establishment']",內湖區內湖路一段737巷37號
125,屈臣氏 內湖,ChIJFYWINY2sQjQRqpDNiPm_SRI,25.0821066,121.5920911,3.9,50,"['drugstore', 'health', 'point_of_interest', 'store', 'establishment']",內湖區成功路四段46號
126,康是美 (文湖店),ChIJ6eRIOY2sQjQRUL1oaBlQ8Qg,25.0824382,121.5923796,3.6,16,"['drugstore', 'health', 'point_of_interest', 'store', 'establishment']","1樓, No. 56號, 成功路四段, 內湖區"
129,康是美 新大湖門市,ChIJv1fkVhStQjQRqAtO-zBBmAU,25.0848269,121.6005542,1.8,5,"['drugstore', 'health', 'point_of_interest', 'store', 'establishment']",內湖區成功路四段372號
131,康是美(明湖門市),ChIJD-DM37qsQjQRWNMubuKHlic,25.0689053,121.6142201,4.1,37,"['drugstore', 'health', 'point_of_interest', 'store', 'establishment']","1樓, No. 47號, 東湖路, 內湖區"
132,康是美 新葫洲門市,ChIJH1Ciem2tQjQREbioUbEXzeo,25.0727747,121.6055303,5,2,"['drugstore', 'health', 'point_of_interest', 'store', 'establishment']",內湖區民權東路六段298號號 1+2樓 、302號2樓、328號2樓
133,屈臣氏 東湖店,ChIJY9gMI7usQjQReWOGc-l5fhY,25.0689514,121.6134701,4,78,"['drugstore', 'health', 'point_of_interest', 'store', 'establishment']",內湖區東湖路31號
137,屈臣氏-康樂,ChIJw-myxLCsQjQRAkJN-dGcueg,25.0712481,121.6190057,3.9,16,"['drugstore', 'health', 'point_of_interest', 'store', 'establishment']",內湖區康樂街116-4號
138,康是美 南港門市,ChIJl3WOaSOrQjQRGzb6KtU5MnU,25.0528955,121.6072597,3.9,9,"['drugstore', 'health', 'point_of_interest', 'store', 'establishment']","B1, No. 371號, 忠孝東路七段, 南港區"
139,康是美 (莊敬門市),ChIJsTAnIrOrQjQRpnHKf4i9NPA,25.026595,121.5680641,3.5,20,"['drugstore', 'health', 'point_of_interest', 'store', 'establishment']","莊敬路466-1號 莊敬路466-2號, No. 472號, 莊敬路, 信義區"
140,康是美,ChIJqVQ-ybSrQjQRwyOB2lWezY0,25.0269077,121.5638879,3.1,7,"['drugstore', 'health', 'point_of_interest', 'store', 'establishment']",信義區吳興街265號
141,屈臣氏Watsons (來店取貨),ChIJBztX3bSrQjQRWLoC3U3cszs,25.0278062,121.5631316,3.1,60,"['drugstore', 'health', 'point_of_interest', 'store', 'establishment']",信義區吳興街225號
143,康是美 北醫門市,ChIJeUUlybSrQjQRPHhi6vUt39E,25.026955,121.5638068,4,5,"['drugstore', 'health', 'point_of_interest', 'store', 'establishment']",信義區吳興街265號
144,屈臣氏-松二,ChIJC7CQk6arQjQR6jaN5i2kTMA,25.037309,121.578158,2.8,21,"['drugstore', 'health', 'point_of_interest', 'store', 'establishment']",信義區松山路564、566號
145,康是美 微風南山門市,ChIJeUBms86rQjQRP2LbYxx8NF8,25.0343073,121.5659555,2,1,"['drugstore', 'health', 'point_of_interest', 'store', 'establishment']",信義區松智路17號B2
146,康是美 遠東信義門市,ChIJcxVD4RerQjQR2XARw3cKVDE,25.0367179,121.5681308,4,4,"['drugstore', 'health', 'point_of_interest', 'store', 'establishment']",信義區松仁路58號B3(216櫃遠東百貨
147,屈臣氏 松壽店,ChIJW8UfsbCrQjQRObM0RL57J1M,25.03531,121.5660665,2.7,25,"['drugstore', 'health', 'point_of_interest', 'store', 'establishment']",信義區松壽路12號
148,康是美 吳興門市,ChIJQ6dZCLWrQjQRq_4H6GVLKgI,25.029396,121.5618768,3.7,44,"['drugstore', 'health', 'point_of_interest', 'store', 'establishment']",信義區吳興街141號
149,屈臣氏Watsons,ChIJ17h7e1arQjQRFBwjk_k3QAc,25.0397197,121.5658739,2.7,15,"['drugstore', 'health', 'point_of_interest', 'store', 'establishment']",信義區松高路11號B2樓
156,屈臣氏Watsons (來店取貨),ChIJXaRb8curQjQR9f9XSSMnb0s,25.0330166,121.5545427,3.8,211,"['drugstore', 'health', 'point_of_interest', 'store', 'establishment']",信義區信義路四段296號
161,康是美(安和門市),ChIJJxbOCMyrQjQRk69AVYpg4WQ,25.033399,121.5539955,3.4,19,"['drugstore', 'health', 'point_of_interest', 'store', 'establishment']",大安區信義路四段261號
166,屈臣氏Watsons (來店取貨),ChIJizTVr8mrQjQRw07rFjNPIfw,25.0353955,121.5576874,3.2,34,"['drugstore', 'health', 'point_of_interest', 'store', 'establishment']",信義區光復南路445-1號
172,康是美 時代門市,ChIJR3DExUOrQjQRm8vSr0Sg64M,25.040937,121.5651225,3.8,10,"['drugstore', 'health', 'point_of_interest', 'store', 'establishment']","No. 6號, Section 5, Zhongxiao East Road, Xinyi District"
173,康是美 逸仙門市,ChIJE-tz77irQjQRf3vMZidq4Ug,25.041058,121.561903,3.6,22,"['drugstore', 'health', 'point_of_interest', 'store', 'establishment']","No. 502號, Section 4, Zhongxiao East Road, Xinyi District"
174,屈臣氏,ChIJP_2bde-rQjQRzQfBl6aIJfw,25.0329744,121.5545027,-,-,"['drugstore', 'health', 'point_of_interest', 'store', 'establishment']","No. 296號, Section 4, Xinyi Road, Da’an District"
175,屈臣氏Watsons (來店取貨),ChIJFVsxDNOrQjQR3b7XGg8idF8,25.0329491,121.5544858,3.2,5,"['drugstore', 'health', 'point_of_interest', 'store', 'establishment']","信義路四段22號1-2F, Da’an District"
204,屈臣氏Watsons (來店取貨),ChIJ0w3haoKpQjQRlTWE2baJ1IA,25.0333863,121.529818,3.3,103,"['drugstore', 'health', 'point_of_interest', 'store', 'establishment']",大安區永康街2號
206,屈臣氏新生門市,ChIJAfmAF3ypQjQRs3gusC8KuqI,25.0398294,121.5325519,2.6,40,"['drugstore', 'health', 'point_of_interest', 'store', 'establishment']",中正區新生南路一段104號
208,康是美(永康門市),ChIJhb7yP4KpQjQR2lJ_clFrb3c,25.0330242,121.5299202,4.1,34,"['drugstore', 'health', 'point_of_interest', 'store', 'establishment']",大安區永康街7之2號
209,康是美(東門門市),ChIJG-TOaIKpQjQRpjaSApKbe0E,25.0336009,121.5292686,-,-,"['drugstore', 'health', 'point_of_interest', 'store', 'establishment']",大安區信義路二段166號b1
213,康是美 台北橋門市,ChIJEw0G4nepQjQRraw3w1SkxzE,25.0357535,121.5245504,5,1,"['drugstore', 'health', 'point_of_interest', 'store', 'establishment']",中正區杭州南路一段153-5號
215,康是美 (新中正門市),ChIJ5aXDWJ2pQjQRJogDrVZvKg4,25.0356014,121.5246235,4.1,15,"['drugstore', 'health', 'point_of_interest', 'store', 'establishment']",中正區信義路二段1號1樓
218,屈臣氏Watsons,ChIJ92lT8JqpQjQRjMBFFzp761Q,25.0272529,121.5232885,3.4,17,"['drugstore', 'health', 'point_of_interest', 'store', 'establishment']",大安區和平東路一段29號
220,康是美(寧波門市),ChIJbd6XSZmpQjQRb6zxOQIaJko,25.0314235,121.5185738,4.2,12,"['drugstore', 'health', 'point_of_interest', 'store', 'establishment']",中正區寧波西街11號
221,屈臣氏 寧波,ChIJd81UPJmpQjQRjcS2nTFLvhs,25.030828,121.517923,3.5,33,"['drugstore', 'health', 'point_of_interest', 'store', 'establishment']",中正區寧波西街46號
223,屈臣氏Watsons (來店取貨),ChIJVeP1EpqpQjQRyONtu688oD4,25.0266591,121.5211175,2.2,34,"['drugstore', 'health', 'point_of_interest', 'store', 'establishment']",中正區南昌路二段70號
228,康是美 同安門市,ChIJza8fiZCpQjQRWMrQJfEzyn8,25.0247832,121.5224557,3.8,14,"['drugstore', 'health', 'point_of_interest', 'store', 'establishment']",中正區同安街41之1號
229,康是美 (新通運門市),ChIJoxLmV3KpQjQRmin590K-Tvs,25.0464951,121.515575,3.1,22,"['drugstore', 'health', 'point_of_interest', 'store', 'establishment']",中正區忠孝西路一段50-1號B1 地下街13區
230,屈臣氏南陽店,ChIJtQUFbXOpQjQRQsga9oXN8TI,25.0445985,121.5161708,3.8,81,"['drugstore', 'health', 'point_of_interest', 'store', 'establishment']",中正區南陽街15號
231,屈臣氏Watsons,ChIJOQyAowypQjQRrA_dlVMQXKk,25.0442289,121.513089,3.6,59,"['drugstore', 'health', 'point_of_interest', 'store', 'establishment']",中正區重慶南路一段56號
233,康是美 漢寧門市,ChIJ7cCRkgypQjQRZ-t7oJcqnvE,25.0452606,121.5146759,4.3,13,"['drugstore', 'health', 'point_of_interest', 'store', 'establishment']","漢口街一段3號、5號、9號、11號 1樓右邊部分, 中正區"
234,屈臣氏 館前,ChIJNVP2L3OpQjQRHlB6FvXFUkg,25.0454396,121.5148779,2.9,52,"['drugstore', 'health', 'point_of_interest', 'store', 'establishment']",中正區館前路18號
235,康是美(風采門市),ChIJ38mvywupQjQRQ4REAdswlss,25.04209,121.509665,4.2,26,"['drugstore', 'health', 'point_of_interest', 'store', 'establishment']",中正區延平南路103號1樓
236,屈臣氏Watsons,ChIJZ3Bl622pQjQRCzOfZH6LCKk,25.0488142,121.518574,3.8,32,"['drugstore', 'health', 'point_of_interest', 'store', 'establishment']",大同區市民大道一段209號
238,屈臣氏Watsons 西門店,ChIJ714HdQmpQjQRn0TTQzMCCbA,25.0426079,121.507201,3.2,152,"['drugstore', 'health', 'point_of_interest', 'store', 'establishment']",萬華區成都路15號
240,屈臣氏Watsons武昌,ChIJgSQETgmpQjQR16RWEAMa7NU,25.0446766,121.5077356,3,74,"['drugstore', 'health', 'point_of_interest', 'store', 'establishment']",萬華區武昌街二段37號
242,康是美 站前門市,ChIJnYoHZu-pQjQRIgv-e_pfr9Q,25.0463846,121.5178642,-,-,"['drugstore', 'health', 'point_of_interest', 'store', 'establishment']","號地下一樓, No. 49, 忠孝西路一段, 中正區"
243,康是美 北車門市,ChIJn_DBN8KpQjQRaLyEf63tvR4,25.0463846,121.5178642,2.5,2,"['drugstore', 'health', 'point_of_interest', 'store', 'establishment']",中正區忠孝西路一段49號B3
244,屈臣氏,ChIJp-JwQ3KpQjQRstlHhDanZWs,25.0463846,121.5178642,2.4,11,"['drugstore', 'health', 'point_of_interest', 'store', 'establishment']","B1F(M區, No. 49號, 忠孝西路一段, 中正區"
245,屈臣氏微風站前,ChIJR4UzfnKpQjQRC6Mu6pfIK9s,25.0479239,121.517081,2.9,20,"['drugstore', 'health', 'point_of_interest', 'store', 'establishment']",中正區北平西路3號
246,康是美 武昌門市,ChIJT_syGpypQjQRhJJ2hqkKrWg,25.044067,121.508413,5,1,"['drugstore', 'health', 'point_of_interest', 'store', 'establishment']","號1樓, No. 104, 中華路一段, 萬華區"
247,屈臣氏Watsons (來店取貨),ChIJI-gsfr6pQjQRoqXIZO88sj4,25.041914,121.507535,1.9,10,"['drugstore', 'health', 'point_of_interest', 'store', 'establishment']",萬華區漢中街131號
249,康是美 (漢中二門市),ChIJG7qoiiypQjQRTvDWdFTeUV4,25.0431899,121.50748,3.8,4,"['drugstore', 'health', 'point_of_interest', 'store', 'establishment']",萬華區漢中街109-2號1樓
250,康是美 漢中門市,ChIJyyhVRAmpQjQR5p3i01xEjkM,25.044207,121.507549,2.7,26,"['drugstore', 'health', 'point_of_interest', 'store', 'establishment']","No. 47號, Hanzhong Street, Wanhua District"
259,屈臣氏Watsons (來店取貨),ChIJAQchB2ypQjQR-o4fZ1V5ScQ,25.0526999,121.519432,3.4,57,"['drugstore', 'health', 'point_of_interest', 'store', 'establishment']",中山區南京西路42號
262,屈臣氏Watsons (來店取貨),ChIJFU_JWmupQjQRrFns6wX2aGA,25.0545399,121.5149844,2.2,23,"['drugstore', 'health', 'point_of_interest', 'store', 'establishment']",大同區寧夏路9號
264,康是美(南西門市),ChIJL89lXBOpQjQRiW46f9HM448,25.053913,121.513,4.2,31,"['drugstore', 'health', 'point_of_interest', 'store', 'establishment']",大同區南京西路316號
271,康是美 欣運門市,ChIJiU1REJmpQjQR2XjOiqsXMIk,25.0500732,121.5201035,2,4,"['drugstore', 'health', 'point_of_interest', 'store', 'establishment']",大同區地下街 長安西路52-1號B1(中山
272,康是美,ChIJU0XIVGypQjQRcciFzJun9Eg,25.0509419,121.5173002,2.7,30,"['drugstore', 'health', 'point_of_interest', 'store', 'establishment']",大同區承德路一段29號
273,康是美 新長順門市,ChIJ4Ud0XG-pQjQR3uELJaYx68M,25.0505356,121.5251244,3.9,44,"['drugstore', 'health', 'point_of_interest', 'store', 'establishment']","No. 111號, Linsen North Road, Zhongshan District"
274,屈臣氏Watsons (來店取貨),ChIJmTOGM2mpQjQRPcg_2fsoW4A,25.0525991,121.5215124,2.1,32,"['drugstore', 'health', 'point_of_interest', 'store', 'establishment']","No. 3-2號, Nanjing West Road, Zhongshan District"
277,Watsons,ChIJxXmAD2ipQjQRUQf-6BA4a9Y,25.051017,121.525232,3.3,20,"['drugstore', 'health', 'point_of_interest', 'store', 'establishment']","1F, No. 131號, Linsen North Road, Zhongshan District"
283,屈臣氏Watsons雙連店,ChIJ7Qj84GmpQjQRLSHFapw6TKQ,25.0575681,121.5211421,2.9,47,"['drugstore', 'health', 'point_of_interest', 'store', 'establishment']",中山區民生西路54號
288,屈臣氏Watsons (來店取貨),ChIJlzKXy0KpQjQRfGlZTUBL0Qc,25.0581721,121.5254238,3.4,20,"['drugstore', 'health', 'point_of_interest', 'store', 'establishment']",中山區林森北路380號
290,康是美 林森門市,ChIJrYo5C2ipQjQRYjFncXDy1-E,25.0556521,121.5253246,3.7,42,"['drugstore', 'health', 'point_of_interest', 'store', 'establishment']",中山區林森北路282號
291,屈臣氏Watsons (來店取貨),ChIJVRMp62apQjQRrPR6v8bgbPA,25.0517979,121.52967,3.3,32,"['drugstore', 'health', 'point_of_interest', 'store', 'establishment']",中山區南京東路二段50號
302,康是美 新雙連門市,ChIJ90ppCkKpQjQRRhCSqbaq6Qo,25.0578769,121.5213463,3.9,14,"['drugstore', 'health', 'point_of_interest', 'store', 'establishment']","No. 23號, Minsheng West Road, Zhongshan District"
305,屈臣氏,ChIJixJimAqpQjQRCeIVCwO3Ie0,25.057175,121.5157569,2.8,8,"['drugstore', 'health', 'point_of_interest', 'store', 'establishment']","No. 231號, Minsheng West Road, Datong District"
306,屈臣氏Watsons (來店取貨),ChIJqfpxdUKpQjQRcKZFa3M58xo,25.057175,121.5157569,1,1,"['drugstore', 'health', 'point_of_interest', 'store', 'establishment']","No. 231號, Minsheng West Road, Datong District"
311,康是美 森北門市,ChIJv8ftLEOpQjQR4fMdeL756q0,25.0599301,121.5253775,4.2,6,"['drugstore', 'health', 'point_of_interest', 'store', 'establishment']","No. 426號, Linsen North Road, Zhongshan District"
316,屈臣氏Watsons (來店取貨),ChIJlTI640OpQjQRx0FZAQJ6O1M,25.06259,121.5201139,4.1,9,"['drugstore', 'health', 'point_of_interest', 'store', 'establishment']",中山區民權西路64號
322,屈臣氏Watsons,ChIJ35WS30SpQjQR5_agYQiOrXw,25.0648286,121.524139,3.1,51,"['drugstore', 'health', 'point_of_interest', 'store', 'establishment']",中山區雙城街14號
326,康是美保平門市,ChIJUy-SdRWpQjQRW03p0eRr3uU,25.0589359,121.5113606,4.3,26,"['drugstore', 'health', 'point_of_interest', 'store', 'establishment']",大同區延平北路二段198號
335,康是美 權站門市,ChIJmy5p8UOpQjQRtnPRwZyKhpA,25.0626195,121.5210173,4.1,8,"['drugstore', 'health', 'point_of_interest', 'store', 'establishment']","1樓B1, No. 40號, Minquan West Road, Zhongshan District"
342,康是美 晴安門市,ChIJqyEW30SpQjQRU3IOXiwqP0Q,25.0648519,121.5244321,4.4,40,"['drugstore', 'health', 'point_of_interest', 'store', 'establishment']","樓+B1, No. 14號1, Nong'an Street, Zhongshan District"
352,康是美(花博門市),ChIJAVtCxEipQjQR8Tqgd4pHgzE,25.0707266,121.5189349,3.8,21,"['drugstore', 'health', 'point_of_interest', 'store', 'establishment']",大同區酒泉街39號
364,屈臣氏Watsons (來店取貨),ChIJjZsk2D6pQjQRJ8F837fAopY,25.064712,121.5112102,2.6,19,"['drugstore', 'health', 'point_of_interest', 'store', 'establishment']",大同區延平北路三段33號
367,屈臣氏Watsons (來店取貨),ChIJxRg9N0ipQjQRSZkR2PjRUHM,25.071848,121.5153119,3.5,14,"['drugstore', 'health', 'point_of_interest', 'store', 'establishment']",大同區酒泉街70號
373,康是美 庫倫門市,ChIJ72F0ZiypQjQRAMGb8FTp0fE,25.0720579,121.5182934,4.1,7,"['drugstore', 'health', 'point_of_interest', 'store', 'establishment']",大同區庫倫街45號
376,康是美,ChIJjaGWJrCuQjQRo8vCXS4lQTQ,25.0868537,121.5252903,3.7,9,"['drugstore', 'health', 'point_of_interest', 'store', 'establishment']",士林區大東路11-6號
377,屈臣氏Watsons,ChIJh7WNJrCuQjQRJ2zrR20-P_w,25.0870179,121.5252745,3.5,15,"['drugstore', 'health', 'point_of_interest', 'store', 'establishment']",士林區大東路11之7號1樓-4樓
379,屈臣氏 文林,ChIJX5YWWaWuQjQRais9z2VFJJo,25.0885386,121.5265468,3.1,18,"['drugstore', 'health', 'point_of_interest', 'store', 'establishment']",士林區文林路130號
380,康是美 基河門市,ChIJgVgJe7CuQjQR_QNwLoevJQI,25.0885592,121.5232539,3.9,26,"['drugstore', 'health', 'point_of_interest', 'store', 'establishment']",士林區基河路128號
381,康是美 (劍潭門市),ChIJvWvmg7GuQjQR-rYWIOb2z9g,25.084209,121.523012,3.9,43,"['drugstore', 'health', 'point_of_interest', 'store', 'establishment']","號1樓, No. 13, 劍潭路, 士林區"
382,屈臣氏,ChIJLz_AgbGuQjQR74XEuRYYcnQ,25.0842354,121.5229738,2.7,24,"['drugstore', 'health', 'point_of_interest', 'store', 'establishment']",士林區劍潭路15號
383,屈臣氏 士捷,ChIJfWyGNaOuQjQRlkA60MDlPro,25.0951382,121.5257982,3.7,28,"['drugstore', 'health', 'point_of_interest', 'store', 'establishment']",士林區中正路243號
384,屈臣氏Watsons (來店取貨),ChIJ7zJzmLyuQjQRvySrlDAp_ec,25.0947693,121.5241239,3.5,24,"['drugstore', 'health', 'point_of_interest', 'store', 'establishment']",士林區中正路285號
391,康是美,ChIJt_r0SaOuQjQRcqMoZ9N6hNU,25.0950274,121.5259493,3.8,35,"['drugstore', 'health', 'point_of_interest', 'store', 'establishment']",士林區中正路235巷2號
392,康是美芝山門市,ChIJuV7yIJeuQjQRE2vRtxvieGI,25.1042413,121.5227767,4,15,"['drugstore', 'health', 'point_of_interest', 'store', 'establishment']",士林區福華路164巷6號
393,康是美,ChIJ1daLJpKuQjQRLc9f81Ksjh4,25.1093515,121.5195639,3.5,20,"['drugstore', 'health', 'point_of_interest', 'store', 'establishment']",北投區明德路88號
397,屈臣氏,ChIJa988xZauQjQREB7vlER4Ff4,25.1045312,121.5219351,4,49,"['drugstore', 'health', 'point_of_interest', 'store', 'establishment']",士林區德行西路78號1樓
398,屈臣氏 德行東,ChIJSSzfIZuuQjQRn6imP_uTOZs,25.107711,121.5286826,4.2,10,"['drugstore', 'health', 'point_of_interest', 'store', 'establishment']",士林區德行東路110號
402,屈臣氏,ChIJq24HkIyuQjQRY-yHI6ke4r8,25.1166564,121.5162782,2.5,117,"['drugstore', 'health', 'point_of_interest', 'store', 'establishment']",北投區石牌路二段76號
403,屈臣氏Watsons (來店取貨),ChIJ3XNVz5KuQjQRZUkgjektEwI,25.110651,121.5149793,3.8,33,"['drugstore', 'health', 'point_of_interest', 'store', 'establishment']",北投區自強街88號1F
406,康是美 (石牌門市),ChIJhwvA64yuQjQR4tHkxtIx14A,25.115426,121.515626,3.7,36,"['drugstore', 'health', 'point_of_interest', 'store', 'establishment']",北投區石牌路二段12號
409,康是美 新尊吉門市,ChIJtwbbH_KuQjQRYBkJQjNUgj0,25.1150016,121.5084857,4,31,"['drugstore', 'health', 'point_of_interest', 'store', 'establishment']",北投區實踐街30號
414,康是美 光明門市.,ChIJacRMJFGuQjQRxp6WhlFE7tI,25.1326946,121.4992727,3.7,42,"['drugstore', 'health', 'point_of_interest', 'store', 'establishment']",北投區光明路29號
415,屈臣氏Watsons (來店取貨),ChIJL3xGhVCuQjQRv19lspcXm40,25.133249,121.502095,3.1,38,"['drugstore', 'health', 'point_of_interest', 'store', 'establishment']",北投區磺港路8號
420,屈臣氏Watsons (來店取貨),ChIJx5-8SUWuQjQR_6IcqCXfLRg,25.1364463,121.5041257,3.2,17,"['drugstore', 'health', 'point_of_interest', 'store', 'establishment']",北投區光明路223號
422,康是美 新泉源門市,ChIJjdv6Hk-uQjQRh-Bwq0lPNwo,25.1406487,121.5002154,3.7,20,"['drugstore', 'health', 'point_of_interest', 'store', 'establishment']",北投區中和街294號
429,屈臣氏Watsons,ChIJb0Hd4U6uQjQRfXJofVt8nr8,25.140778,121.499845,4.3,10,"['drugstore', 'health', 'point_of_interest', 'store', 'establishment']",北投區中和街319、321號1號
431,康是美 智行門市,ChIJh0VNR22vQjQRdOIoVV8wVog,25.1221836,121.4674004,4.3,20,"['drugstore', 'health', 'point_of_interest', 'store', 'establishment']",北投區知行路306號
432,屈臣氏,ChIJC-PO3WyvQjQRFaNpHAB_PmI,25.12059,121.4672887,4,22,"['drugstore', 'health', 'point_of_interest', 'store', 'establishment']",北投區知行路222號1-2樓
433,屈臣氏 Watsons,ChIJw5KTmZ2vQjQRc0BzmzD_mNQ,25.1367486,121.4605096,3.1,24,"['drugstore', 'health', 'point_of_interest', 'store', 'establishment']",淡水區民族路10號
435,康是美(美竹門市),ChIJk3Edop2vQjQRKso42vApsTs,25.1370443,121.4604213,4.1,13,"['drugstore', 'health', 'point_of_interest', 'store', 'establishment']",淡水區民族路11號
436,康是美(馬偕門市),ChIJ0cYIzZ2vQjQRCupqzxmk4H8,25.1378478,121.4620522,4.1,16,"['drugstore', 'health', 'point_of_interest', 'store', 'establishment']",淡水區民生路56號
437,康是美 英專門市,ChIJKcY6dVilQjQRG9kI83w34ds,25.1698293,121.4454354,4.2,32,"['drugstore', 'health', 'point_of_interest', 'store', 'establishment']",淡水區英專路25號
438,屈臣氏Watsons (來店取貨),ChIJgxOs_fevQjQRJL6pglZL7mc,25.170528,121.445779,3.7,176,"['drugstore', 'health', 'point_of_interest', 'store', 'establishment']",淡水區英專路46號
440,屈臣氏Watsons (來店取貨),ChIJe9lv7lalQjQRzZ2l2yMR1Gs,25.1755262,121.4419288,3.6,25,"['drugstore', 'health', 'point_of_interest', 'store', 'establishment']",淡水區中山北路一段48號
442,康是美(淡捷門市),ChIJBaRqjU-lQjQRepUqLqIRHCQ,25.1671361,121.44662,5,1,"['drugstore', 'health', 'point_of_interest', 'store', 'establishment']",淡水區中正路1號
443,康是美 淡水門市,ChIJvV5TvImlQjQRQHGws1qUF_4,25.1703365,121.4393243,5,6,"['drugstore', 'health', 'point_of_interest', 'store', 'establishment']",淡水區中正路131號
444,屈臣氏Watsons (來店取貨),ChIJQfq9jYcBaDQRq16b8fIqfrM,24.9568349,121.537623,2.9,21,"['drugstore', 'health', 'point_of_interest', 'store', 'establishment']","No. 8, 文中路, 新店區"
446,康是美(德運門市),ChIJ0WP4NYsBaDQRTGkdgIFEr8s,24.96784,121.541278,4.3,10,"['drugstore', 'health', 'point_of_interest', 'store', 'establishment']",新店區北新路一段307號
447,屈臣氏Watsons (來店取貨),ChIJnTSta_QBaDQRSjPKtb1LlvQ,24.9718387,121.5415739,4.1,53,"['drugstore', 'health', 'point_of_interest', 'store', 'establishment']",新店區中正路156號
449,屈臣氏Watsons (來店取貨),ChIJTxirrPYBaDQR6-2FozJeEeU,24.9734544,121.5427032,3.4,22,"['drugstore', 'health', 'point_of_interest', 'store', 'establishment']",新店區北新路二段65號
451,康是美,ChIJp3bUyvYBaDQRQXk0EMzyfjw,24.9744767,121.542721,3.7,26,"['drugstore', 'health', 'point_of_interest', 'store', 'establishment']",新店區北新路二段101號
452,康是美新興門市,ChIJW7Y7BPMBaDQRVM5_h-L5jCg,24.9695098,121.5450861,4,12,"['drugstore', 'health', 'point_of_interest', 'store', 'establishment']",新店區中正路31號
453,康是美（美新門市）,ChIJg_IQGv0BaDQRsWT30PgW3Po,24.9728049,121.5397311,3.9,10,"['drugstore', 'health', 'point_of_interest', 'store', 'establishment']",新店區中正路213號
454,康是美,ChIJTxlgF_kBaDQRZkDluZnEvqo,24.9827914,121.5405836,4.1,16,"['drugstore', 'health', 'point_of_interest', 'store', 'establishment']",新店區民權路39號
460,屈臣氏,ChIJLx1ndfkBaDQRbkUYm7azwGY,24.9814116,121.5414006,3.8,39,"['drugstore', 'health', 'point_of_interest', 'store', 'establishment']",新店區北新路三段77號
461,康是美,ChIJ-TsUQ_kBaDQRTd6kPie7zAs,24.98271,121.542106,4.2,13,"['drugstore', 'health', 'point_of_interest', 'store', 'establishment']",新店區民權路17號
464,屈臣氏 Watsons,ChIJxcxz8B0CaDQROPx3uAUsn7A,24.9752863,121.5363945,3.1,16,"['drugstore', 'health', 'point_of_interest', 'store', 'establishment']",新店區中正路348號B1~3F
467,屈臣氏Watsons (來店取貨),ChIJA4OCgOGpQjQRhT-Jexcy1WA,24.9828088,121.5395596,3.3,15,"['drugstore', 'health', 'point_of_interest', 'store', 'establishment']",新店區民權路55號
469,康是美 福民店,ChIJ14FI3xgCaDQRXh5yQslcCtQ,24.973328,121.530176,3.4,15,"['drugstore', 'health', 'point_of_interest', 'store', 'establishment']",新店區中央路147號1樓 1樓
476,屈臣氏Watsons (來店取貨),ChIJo0cy6gCqQjQRYtFdOsui8dg,24.991007,121.54112,3.5,26,"['drugstore', 'health', 'point_of_interest', 'store', 'establishment']",文山區景文街56號
483,康是美 (景運門市),ChIJ8T8fPwGqQjQRA85jvUWKqbE,24.993129,121.5415347,3.4,36,"['drugstore', 'health', 'point_of_interest', 'store', 'establishment']",文山區景中街3號
486,屈臣氏Watsons (來店取貨),ChIJsUjQ6QaqQjQRPskOllglsbE,24.9921949,121.5441743,2,29,"['drugstore', 'health', 'point_of_interest', 'store', 'establishment']",文山區景興路195號
488,康是美 萬隆門市,ChIJwXeIFB2qQjQRnPt55GGs7ds,25.0013857,121.5390223,3.5,19,"['drugstore', 'health', 'point_of_interest', 'store', 'establishment']",文山區台9線240號
489,康是美 新萬隆門市,ChIJddupgZOrQjQRky7evVFhAVA,25.0014594,121.5389946,-,-,"['drugstore', 'health', 'point_of_interest', 'store', 'establishment']",文山區羅斯福路五段238號1樓、2樓
492,屈臣氏 羅二,ChIJ-1flAIupQjQRVBWOYOn3u3M,25.014839,121.53392,3.2,75,"['drugstore', 'health', 'point_of_interest', 'store', 'establishment']",中正區羅斯福路四段58號
493,屈臣氏 校園,ChIJpxqd6oupQjQRvuqgh1dTO8Q,25.016682,121.5326619,3,41,"['drugstore', 'health', 'point_of_interest', 'store', 'establishment']",大安區新生南路三段112號
494,康是美(福運門市),ChIJR9_B-YupQjQR-Mq7H7_f8OI,25.017584,121.531774,4.2,37,"['drugstore', 'health', 'point_of_interest', 'store', 'establishment']",大安區羅斯福路三段297號1樓
495,屈臣氏龍泉門市,ChIJp6Upqo-pQjQRwa4OaMl0SoI,25.0219425,121.5283301,3.4,42,"['drugstore', 'health', 'point_of_interest', 'store', 'establishment']",大安區師大路125號
496,康是美 台大門市,ChIJ90ZoVNyrQjQRg_YHCHgpU6Y,25.014,121.534745,3.7,21,"['drugstore', 'health', 'point_of_interest', 'store', 'establishment']","1、2F, No. 84號, 羅斯福路四段, 中正區"
498,屈臣氏Watsons,ChIJdavGg4WpQjQRNImDN4OOxLk,25.0245768,121.5286683,2.6,54,"['drugstore', 'health', 'point_of_interest', 'store', 'establishment']",大安區師大路43號
505,康是美師大門市,ChIJCVHswrCpQjQREJq4Lcg6u9Q,25.0229069,121.528491,4.1,16,"['drugstore', 'grocery_or_supermarket', 'food', 'health', 'point_of_interest', 'store', 'establishment']",大安區師大路95號
536,康是美 大成都門市,ChIJxf-MqQmpQjQRpBPZEBLHCzc,25.042612,121.506079,3.7,73,"['drugstore', 'health', 'point_of_interest', 'store', 'establishment']",萬華區成都路52號
540,屈臣氏Watsons (來店取貨),ChIJz-4ZFe2pQjQR7pilRA0LPaQ,25.042608,121.506152,3.5,4,"['drugstore', 'health', 'point_of_interest', 'store', 'establishment']",萬華區成都路50號1F
562,屈臣氏 (武昌二),ChIJaYF6lQipQjQR5I9M9rmSBrM,25.0452339,121.5052271,3.1,38,"['drugstore', 'health', 'point_of_interest', 'store', 'establishment']",萬華區武昌街二段81號
631,屈臣氏Watsons (來店取貨),ChIJ-0ww1l-pQjQRGjFPjhnQGbE,25.0546275,121.5346469,3.9,27,"['drugstore', 'health', 'point_of_interest', 'store', 'establishment']",中山區長春路184號
635,屈臣氏Watsons (來店取貨),ChIJ9x5BMlmpQjQRvX-L0q7Fke0,25.0604264,121.533355,2.4,65,"['drugstore', 'health', 'point_of_interest', 'store', 'establishment']",中山區松江路287號
640,康是美 (新松江門市),ChIJhzMdwmOpQjQRHxqiXuSLvto,25.0485925,121.532439,3.7,60,"['drugstore', 'health', 'point_of_interest', 'store', 'establishment']","號1+2樓, No. 51, 長安東路二段, 中山區"
642,康是美 南京東門市,ChIJV_k0n7mpQjQRjw3e7GelFy4,25.0518003,121.5319924,4,24,"['drugstore', 'health', 'point_of_interest', 'store', 'establishment']",中山區南京東路二段100號
643,屈臣氏Watsons (來店取貨),ChIJ8wBIMmKpQjQRolyqQVkZQbE,25.0486095,121.5344337,3.3,10,"['drugstore', 'health', 'point_of_interest', 'store', 'establishment']",中山區長安東路二段77號
648,康是美 (錦州門市),ChIJrYo5C2ipQjQRcOdgQHes3MA,25.0604341,121.5321888,3.9,13,"['drugstore', 'health', 'point_of_interest', 'store', 'establishment']",中山區錦州街219號
649,康是美松錦門市,ChIJBQ8OGFmpQjQRcZAEtpid3qM,25.0615262,121.533487,3.9,17,"['drugstore', 'health', 'point_of_interest', 'store', 'establishment']","號1+2樓, No. 307, Songjiang Road, Zhongshan District"
677,屈臣氏Watsons,ChIJR_1tLcKrQjQRb4gl3X3LogA,25.047526,121.553526,3.8,58,"['drugstore', 'health', 'point_of_interest', 'store', 'establishment']",松山區延吉街7-1號
682,屈臣氏 南二店,ChIJ3Zy22ZSrQjQR7h19Wem4C88,25.0512938,121.5606515,3.1,53,"['drugstore', 'health', 'point_of_interest', 'store', 'establishment']",松山區南京東路五段64號
686,康是美 (新建華門市),ChIJJyxAN-qrQjQRO-5MZz3_I3I,25.0518257,121.5553378,3.4,16,"['drugstore', 'health', 'point_of_interest', 'store', 'establishment']",松山區南京東路四段137號
687,屈臣氏Watsons (來店取貨),ChIJMSFiMOqrQjQR8k9Ot9uiVUk,25.0518337,121.5550115,2.4,16,"['drugstore', 'health', 'point_of_interest', 'store', 'establishment']",松山區南京東路四段131號
694,屈臣氏 東興,ChIJf1L-uparQjQRbLZYqNg_QhY,25.0515776,121.5664223,3.3,11,"['drugstore', 'health', 'point_of_interest', 'store', 'establishment']",松山區南京東路五段301號
696,屈臣氏 民環,ChIJEXy4jI2rQjQR3NH57BssbdA,25.0585153,121.5638328,3.1,21,"['drugstore', 'health', 'point_of_interest', 'store', 'establishment']",松山區民生東路五段188號
697,康是美(新東門市),ChIJ3ZTHDY6rQjQRsaWbd4ObyJs,25.0588639,121.5661365,3.5,28,"['drugstore', 'health', 'point_of_interest', 'store', 'establishment']",松山區民生東路五段236號
698,康是美 (新東興門市),ChIJh8TevZarQjQRqdNNydzH4IE,25.0511956,121.5665284,3.8,8,"['drugstore', 'health', 'point_of_interest', 'store', 'establishment']",松山區南京東路五段264號
699,康是美(吉祥門市),ChIJCcKNV5SrQjQRd-ZixKhwQGQ,25.0512231,121.5629085,3.7,22,"['drugstore', 'health', 'point_of_interest', 'store', 'establishment']",松山區南京東路五段156號
700,Watsons,ChIJj_g1sZarQjQRUbIdecF0WWc,25.0519438,121.5665922,-,-,"['drugstore', 'health', 'point_of_interest', 'store', 'establishment']",松山區南京東路五段281號4樓
701,康是美 民生東門市,ChIJV7K0wfyrQjQRnlJlRF6QBeI,25.0584727,121.5620303,5,2,"['drugstore', 'health', 'point_of_interest', 'store', 'establishment']",松山區民生東路五段146號
705,康是美,ChIJoVmn-byrQjQRHNfa4htgvyA,25.043421,121.5686384,4.4,13,"['drugstore', 'health', 'point_of_interest', 'store', 'establishment']",信義區永吉路30巷104號
706,康是美 松捷門市,ChIJS2oVop6rQjQR7cE_DW-H6Yg,25.0491901,121.5782994,4.1,9,"['drugstore', 'health', 'point_of_interest', 'store', 'establishment']",信義區松山路11號B1
707,屈臣氏 五分鋪,ChIJF3esxJ6rQjQRPjvLa5KOQ8o,25.047693,121.578004,3.8,16,"['drugstore', 'health', 'point_of_interest', 'store', 'establishment']",信義區松山路111號B1-1F
708,康是美(後山埤門市),ChIJD2NPG16rQjQRqwbgZawfYWA,25.0453439,121.5831169,3.8,14,"['drugstore', 'health', 'point_of_interest', 'store', 'establishment']","號1樓, No. 8, 忠孝東路六段, 南港區"
709,康是美松山店,ChIJF2R-xJ6rQjQR7yMOSEPc-Z0,25.0478529,121.578009,3.8,48,"['drugstore', 'health', 'point_of_interest', 'store', 'establishment']",信義區松山路105號
710,屈臣氏Watsons 松山店,ChIJs3f5A5yrQjQROMEA_pdhlFc,25.0501371,121.5773469,2.1,37,"['drugstore', 'health', 'point_of_interest', 'store', 'establishment']",松山區八德路四段725號
712,康是美 (饒河門市),ChIJzXMSDJyrQjQRgQLdI68yujc,25.0509784,121.5773624,4.5,6,"['drugstore', 'health', 'point_of_interest', 'store', 'establishment']",松山區饒河街247號
713,屈臣氏Watsons (來店取貨),ChIJj2Fn4J-rQjQRpWsrRYjwvAo,25.044545,121.582515,3.4,28,"['drugstore', 'health', 'point_of_interest', 'store', 'establishment']",南港區忠孝東路五段982號
715,康是美 (景新門市),ChIJNWovJ3MCaDQRYj6rhoYft9Y,24.988156,121.5131387,4.3,18,"['drugstore', 'health', 'point_of_interest', 'store', 'establishment']",中和區景新街440號
716,屈臣氏Watsons (來店取貨),ChIJL_Bwm3MCaDQRB8t10nZ_g8Y,24.9903907,121.510897,3.7,23,"['drugstore', 'health', 'point_of_interest', 'store', 'establishment']",中和區興南路一段47號
718,屈臣氏Watsons (來店取貨),ChIJpwavPXMCaDQRaZapHo0dou8,24.9889321,121.5128773,3.7,40,"['drugstore', 'health', 'point_of_interest', 'store', 'establishment']","1-2F, No. 420,422,424號, 景新街, 中和區"
720,屈臣氏 景安門市,ChIJK6-YOncCaDQR6eQ_cZrZXOQ,24.9933104,121.5047913,2.6,55,"['drugstore', 'health', 'point_of_interest', 'store', 'establishment']",中和區景平路353 355號
721,屈臣氏Watsons (來店取貨),ChIJn42oKGwCaDQRvt71B8Qr_Us,24.9829528,121.5087017,3.2,15,"['drugstore', 'health', 'point_of_interest', 'store', 'establishment']",中和區華新街95號
723,康是美 新和運門市,ChIJD4d3mXMCaDQRunG0iPYEw6U,24.9901818,121.5107802,4.6,12,"['drugstore', 'health', 'point_of_interest', 'store', 'establishment']",中和區興南路一段55-1號
724,康是美-景和門市,ChIJqYvOM3cCaDQRwBmjQwDApnA,24.9929304,121.5046764,3.2,5,"['drugstore', 'health', 'point_of_interest', 'store', 'establishment']",中和區景安路162號
725,康是美(景安門市),ChIJlUquRncCaDQRScqtzboZwoM,24.9938275,121.5039459,4.3,44,"['drugstore', 'health', 'point_of_interest', 'store', 'establishment']",中和區景平路506號1樓
726,屈臣氏Watsons,ChIJBV_AO9-pQjQRXsySG7LMnds,24.9986548,121.5095195,4,12,"['drugstore', 'health', 'point_of_interest', 'store', 'establishment']","No. 148, 宜安路, 中和區"
738,屈臣氏 永安店,ChIJL_y9MdypQjQRf6LGnKvKh5w,25.0025803,121.5108587,3.3,44,"['drugstore', 'health', 'point_of_interest', 'store', 'establishment']",永和區中和路515號
739,康是美永安門市,ChIJmWE_nd6pQjQRNsQz983thpw,25.0018098,121.5105202,2.9,15,"['drugstore', 'health', 'point_of_interest', 'store', 'establishment']",中和區中和路362號
740,屈臣氏Watsons (來店取貨),ChIJGW-Cp8SpQjQRhrogOmxMXnI,25.0085169,121.508421,2.1,16,"['drugstore', 'health', 'point_of_interest', 'store', 'establishment']",永和區中山路一段212號
742,屈臣氏 樂華店,ChIJ42AiKuipQjQRdJIyOmOGb3E,25.0086004,121.5141166,3.7,33,"['drugstore', 'health', 'point_of_interest', 'store', 'establishment']",永和區永和路一段164、166號
743,康是美永興門市,ChIJjeoEo8SpQjQR0QicB-PPuu8,25.0030372,121.5114986,5,4,"['drugstore', 'health', 'point_of_interest', 'store', 'establishment']",中和區中和路412號
746,康是美(永百),ChIJj_fRqMSpQjQR4gCyfIUD4n0,25.0082638,121.5081987,3.9,16,"['drugstore', 'health', 'point_of_interest', 'store', 'establishment']",永和區中山路一段222號
747,屈臣氏新智光店,ChIJU1hE5-mpQjQRiyDnnlQAaaY,24.9974181,121.5155409,4.5,13,"['drugstore', 'health', 'point_of_interest', 'store', 'establishment']","1F, No. 101號, 中正路, 永和區"
748,屈臣氏Watsons (來店取貨),ChIJ144LYeqpQjQRa5XTrzz-Fm4,25.0138574,121.5153403,2.5,45,"['drugstore', 'health', 'point_of_interest', 'store', 'establishment']",永和區永和路二段209號
750,屈臣氏Watsons (來店取貨),ChIJz7lWyOupQjQRZ58C0iGGSLk,25.0120247,121.517579,2.8,8,"['drugstore', 'health', 'point_of_interest', 'store', 'establishment']",永和區中興街91號
753,屈臣氏,ChIJP7Hiw-6pQjQRglHm9B-YHh0,25.0083666,121.5208566,3.3,10,"['drugstore', 'health', 'point_of_interest', 'store', 'establishment']",永和區竹林路231號
754,康是美 頂運門市,ChIJDWM_GuqpQjQRQbdJUc_O-W8,25.0120503,121.5152122,3.8,74,"['drugstore', 'health', 'point_of_interest', 'store', 'establishment']",永和區永和路二段116號
757,康是美(頂站),ChIJ9fK3kuqpQjQRgxmdrj1md2Q,25.0147075,121.5155504,3.9,26,"['drugstore', 'pharmacy', 'health', 'point_of_interest', 'store', 'establishment']",永和區永和路二段241-1號1樓
808,康是美(吉林門市),ChIJiYuHFVqpQjQRfR2KDaxZDVU,25.0649356,121.5300778,4.5,25,"['drugstore', 'health', 'point_of_interest', 'store', 'establishment']",中山區農安街129號
878,康是美 台北橋門市,ChIJ_-TCByKpQjQRLOrQjdhXKdI,25.0626925,121.4988216,4.1,60,"['drugstore', 'health', 'point_of_interest', 'store', 'establishment']",三重區重新路二段5號
879,屈臣氏,ChIJq04AyxipQjQRQSB6VKWzGnk,25.0618238,121.4973065,3.8,18,"['drugstore', 'health', 'point_of_interest', 'store', 'establishment']",三重區重新路二段78號
880,屈臣氏Watsons,ChIJ10t2fySpQjQRa9OeZGVdozc,25.0681602,121.4997001,3.4,27,"['drugstore', 'health', 'point_of_interest', 'store', 'establishment']",三重區中央北路134號
882,屈臣氏正義,ChIJw7pzXSGpQjQRjfKkpT8KCdQ,25.0676114,121.4964638,3.5,15,"['drugstore', 'health', 'point_of_interest', 'store', 'establishment']",三重區正義北路179號
883,康是美(天台門市),ChIJ1b5WyhipQjQRjoseCeLcLEk,25.0617242,121.4974654,4.2,55,"['drugstore', 'health', 'point_of_interest', 'store', 'establishment']",三重區重新路二段78號
884,康是美(長壽門市),ChIJlU8VgCSpQjQRxWCVrs_Weeo,25.068125,121.5000142,3.6,88,"['drugstore', 'health', 'point_of_interest', 'store', 'establishment']","號 1樓, No. 75, 三和路二段, 三重區"
885,康是美 (菜寮門市),ChIJ_-TCByKpQjQRDNrbdcmTWkM,25.059502,121.491516,4.2,44,"['drugstore', 'health', 'point_of_interest', 'store', 'establishment']",三重區重新路三段146、148號
888,屈臣氏 三華,ChIJ90wM7-aoQjQRXH1r_Iy5iak,25.063155,121.483676,3.5,38,"['drugstore', 'health', 'point_of_interest', 'store', 'establishment']",三重區中華路99號
891,康是美(集美門市),ChIJ_-TCByKpQjQRi4jB_4JOauE,25.054038,121.491012,4,42,"['drugstore', 'health', 'point_of_interest', 'store', 'establishment']",三重區集美街204號
892,屈臣氏集美,ChIJ56NPF_2oQjQRk1cftqH491s,25.0530666,121.4892098,3.6,33,"['drugstore', 'health', 'point_of_interest', 'store', 'establishment']",三重區集美街103號
897,康是美 (湯城門市),ChIJoysCgmCoQjQReW83ESRrs4M,25.0461309,121.4685107,3.9,7,"['drugstore', 'health', 'point_of_interest', 'store', 'establishment']",三重區重新路5段609巷10之5號
899,屈臣氏 新莊新泰店,ChIJM0XuznWoQjQR4yU6F6HZPAo,25.0367564,121.4481641,4.4,21,"['drugstore', 'health', 'point_of_interest', 'store', 'establishment']",新莊區新泰路132號
900,屈臣氏 中港,ChIJnW4QSnqoQjQRK6DI3S9yLiA,25.0443389,121.4528114,4.3,23,"['drugstore', 'health', 'point_of_interest', 'store', 'establishment']",新莊區中港路297號
901,康是美新新莊門市,ChIJ0Tllli3RDRQRzeDXuApb05Q,25.0360173,121.4511569,4,36,"['drugstore', 'health', 'point_of_interest', 'store', 'establishment']",新莊區中正路164號1樓
902,屈臣氏Watsons (來店取貨),ChIJ5TBh73SoQjQRPTWNGKXsOJs,25.0339559,121.449209,3.1,14,"['drugstore', 'health', 'point_of_interest', 'store', 'establishment']",新莊區新泰路55號
904,屈臣氏Watsons (來店取貨),ChIJR7qdf3eoQjQRoMdwtpp72BM,25.0429016,121.4486187,3.2,15,"['drugstore', 'health', 'point_of_interest', 'store', 'establishment']",新莊區中和街2號
906,屈臣氏,ChIJk8xskOinQjQRD73QSGWQNmM,25.0324824,121.4334125,3.8,40,"['drugstore', 'health', 'point_of_interest', 'store', 'establishment']",新莊區中正路516號
907,屈臣氏Watsons (來店取貨),ChIJk2WnDfOnQjQRo3KAYgqK7K0,25.0234929,121.4250181,2.4,51,"['drugstore', 'health', 'point_of_interest', 'store', 'establishment']",新莊區民安路188巷6號
909,屈臣氏Watsons (來店取貨),ChIJiRNatI2nQjQRc7UoPDkb8I4,25.0262672,121.4187022,3.5,2,"['drugstore', 'health', 'point_of_interest', 'store', 'establishment']",新莊區富國路26號
911,康是美,ChIJqyZmCPOnQjQRxGm1HIWtNYI,25.0238311,121.4255128,3.9,45,"['drugstore', 'health', 'point_of_interest', 'store', 'establishment']",新莊區民安路151號1樓
914,康是美Cosmed 龍門門市,ChIJZbtYfiapQjQRxQyO2laYoR4,25.0716077,121.4967881,4.1,43,"['drugstore', 'health', 'point_of_interest', 'store', 'establishment']","41號, No. 39號, 仁愛街, 三重區"
923,康是美,ChIJjw8RO9ioQjQRgq4UM2JuFOc,25.0772175,121.4864343,4.7,16,"['drugstore', 'health', 'point_of_interest', 'store', 'establishment']",三重區三和路四段109號
924,屈臣氏 三和店,ChIJQy8KjCepQjQRLq6SMJXpg1k,25.0784754,121.4836543,3.7,97,"['drugstore', 'health', 'point_of_interest', 'store', 'establishment']",三重區三和路四段155巷2號、157號
925,屈臣氏 三重力行店,ChIJpWikTtyoQjQR_SWri26L4cY,25.0698547,121.4838084,4,36,"['drugstore', 'health', 'point_of_interest', 'store', 'establishment']",三重區力行路一段183號
926,康是美(五華門市),ChIJpbRDhyqpQjQR6PtS0sJtMUA,25.083335,121.4917547,4.2,29,"['drugstore', 'health', 'point_of_interest', 'store', 'establishment']",三重區五華街126號
927,屈臣氏 五華,ChIJVWSSXSqpQjQR8ua575A3tsE,25.0825694,121.4927942,2.8,36,"['drugstore', 'health', 'point_of_interest', 'store', 'establishment']",三重區五華街59、61號
928,屈臣氏Watsons,ChIJYTZbY9aoQjQR_w9hjc0MTy0,25.0805297,121.488828,3.2,26,"['drugstore', 'health', 'point_of_interest', 'store', 'establishment']",三重區溪尾街185、187號
930,屈臣氏 三和二,ChIJIZq6OtCoQjQRz5W3lddxnN4,25.0799319,121.4806783,3.3,22,"['drugstore', 'health', 'point_of_interest', 'store', 'establishment']",三重區三和路四段420號
932,屈臣氏Watsons民族,ChIJEYU9ms2oQjQR-08a00HYlSs,25.0856896,121.4788819,4.1,23,"['drugstore', 'health', 'point_of_interest', 'store', 'establishment']",蘆洲區民族路59號
934,屈臣氏Watsons 溪漧,ChIJUUoCsM6oQjQRvlBZNYzTnss,25.0838852,121.4748683,4.1,21,"['drugstore', 'health', 'point_of_interest', 'store', 'establishment']",蘆洲區三民路75、77號1-2F
937,康是美(三民門市),ChIJDVibms2oQjQR37JcHJ92nWM,25.0865514,121.4750412,4.4,31,"['drugstore', 'health', 'point_of_interest', 'store', 'establishment']",蘆洲區復興路76、78號
938,屈臣氏 Watsons 得勝分店,ChIJX1UmAcmoQjQR1dpRiQZCB8E,25.0829636,121.4714989,4.4,45,"['drugstore', 'health', 'point_of_interest', 'store', 'establishment']",蘆洲區得勝街157號
941,康是美(義民門市),ChIJDVibms2oQjQRH-M6NqlF874,25.0856699,121.4791485,4,23,"['drugstore', 'health', 'point_of_interest', 'store', 'establishment']",蘆洲區民族路126號1樓
942,屈臣氏Watsons (來店取貨),ChIJbVSdpFmpQjQRGGDqd2SK3W0,25.0874849,121.476767,4.2,9,"['drugstore', 'health', 'point_of_interest', 'store', 'establishment']",蘆洲區復興路132號1F
955,屈臣氏 光華店,ChIJaasiLcioQjQRPG-3oTsD9Vo,25.0832679,121.469036,3.8,34,"['drugstore', 'health', 'point_of_interest', 'store', 'establishment']",蘆洲區光華路38號1-3F
958,康是美,ChIJT6AVh7GoQjQRlXqtyzd9qsU,25.0881905,121.4595578,4.3,19,"['drugstore', 'health', 'point_of_interest', 'store', 'establishment']",蘆洲區長榮路418號1樓
959,康是美 永寧門市,ChIJCcUUS9ccaDQR4qPTrS0vLt0,24.966526,121.435354,3.8,49,"['drugstore', 'health', 'point_of_interest', 'store', 'establishment']",土城區中央路三段108號
960,屈臣氏Watsons (來店取貨),ChIJ24o0ZSwdaDQRQx4BCt5qp5s,24.976131,121.442153,2.7,31,"['drugstore', 'health', 'point_of_interest', 'store', 'establishment']",土城區中央路二段169號
962,康是美 (新海山門市),ChIJf1YUNMoCaDQRWEYjqyEA0Ss,24.986958,121.450044,4.6,16,"['drugstore', 'health', 'point_of_interest', 'store', 'establishment']",土城區裕民路86號
963,屈臣氏Watsons (來店取貨),ChIJvdLI98oCaDQRmldmDIRMuBo,24.9880618,121.4484074,3.5,13,"['drugstore', 'health', 'point_of_interest', 'store', 'establishment']",土城區裕民路52號
965,屈臣氏,ChIJmyGXF8gCaDQR3MACY7rQ4jg,24.9874724,121.4557403,2.8,18,"['drugstore', 'health', 'point_of_interest', 'store', 'establishment']",土城區學府路一段109號
966,康是美,ChIJz_tqILECaDQRABTloHenhyM,24.9950707,121.4541518,4.2,25,"['drugstore', 'health', 'point_of_interest', 'store', 'establishment']",板橋區四川路二段47巷1弄1號1樓
967,屈臣氏Watsons (來店取貨),ChIJ5bjAMKQCaDQR9pzlBL958wU,25.0021475,121.4605232,4,8,"['drugstore', 'health', 'point_of_interest', 'store', 'establishment']",板橋區忠孝路25、27號
969,康是美 亞東門市,ChIJo-xPeLECaDQRcdnDdSiqcdk,24.9969898,121.4519011,3.3,25,"['drugstore', 'health', 'point_of_interest', 'store', 'establishment']",板橋區南雅南路二段128號1樓
970,屈臣氏亞東,ChIJ_xsM5a4BaDQR4LCeyccSLfk,24.9950999,121.4538751,2.1,69,"['drugstore', 'health', 'point_of_interest', 'store', 'establishment']","47巷2號1F、51號2F, No. 51號, 四川路二段, 板橋區"
971,康是美 慶達門市,ChIJkxMpQLsCaDQRIUXu_fLP5Go,24.9961531,121.4613356,3.5,24,"['drugstore', 'health', 'point_of_interest', 'store', 'establishment']",板橋區國慶路147號
972,康是美 (新遠板門市),ChIJpVh27B6oQjQRiI0tPrVbwWQ,25.0109137,121.4644778,3.6,19,"['drugstore', 'health', 'point_of_interest', 'store', 'establishment']",板橋區中山路一段152號B1
973,屈臣氏Watsons,ChIJzW4Gf6cCaDQR5mAqf_BB6W4,25.008468,121.4599421,3.2,50,"['drugstore', 'health', 'point_of_interest', 'store', 'establishment']",板橋區中山路一段19號
975,康是美(板站門市),ChIJv_VPf6cCaDQRz2d7Ka2GTcg,25.0081588,121.4599504,3.6,34,"['drugstore', 'health', 'point_of_interest', 'store', 'establishment']",板橋區中山路一段13號1樓
976,屈臣氏Watsons (來店取貨),ChIJNUKsYqgCaDQR9fAGQBLoDu4,25.0066739,121.4563155,2.6,16,"['drugstore', 'health', 'point_of_interest', 'store', 'establishment']",板橋區南雅南路一段27號
980,康是美板高門市,ChIJHwTo2yOpQjQRwBzWxwHV90o,25.0146901,121.4634765,2.7,26,"['drugstore', 'health', 'point_of_interest', 'store', 'establishment']",板橋區縣民大道二段7號B1
981,康是美 新城門市,ChIJESKH6hioQjQRbv7OsHr3OH8,25.0136294,121.4668636,2.2,6,"['drugstore', 'health', 'point_of_interest', 'store', 'establishment']","B1, No. 28號, 新站路, 板橋區"
986,屈臣氏Watsons (來店取貨),ChIJ4_zpPgWoQjQRhs27nAt2K1Q,25.0184661,121.4558834,3.9,54,"['drugstore', 'health', 'point_of_interest', 'store', 'establishment']",板橋區中正路222號
992,屈臣氏 陽明,ChIJf90nPhaoQjQRo0FFEOyY9E4,25.0213252,121.4672674,2.7,85,"['drugstore', 'health', 'point_of_interest', 'store', 'establishment']",板橋區文化路一段280號
993,屈臣氏Watsons (來店取貨),ChIJfUK4TD6oQjQRZ3tiovo3D-A,25.0246845,121.4703757,2.8,20,"['drugstore', 'health', 'point_of_interest', 'store', 'establishment']",板橋區莒光路33號
995,屈臣氏,ChIJI4nBpBSoQjQRJhWmA-GgM4w,25.0279206,121.4634866,3.7,39,"['drugstore', 'health', 'point_of_interest', 'store', 'establishment']",板橋區四維路257號
996,屈臣氏 新海,ChIJDSqwZBGoQjQRsxe3AX4sZ8M,25.0238031,121.4606522,3.9,21,"['drugstore', 'health', 'point_of_interest', 'store', 'establishment']",板橋區新海路150號
997,屈臣氏Watsons (來店取貨),ChIJmxcO3ECoQjQRMWLbnWHVaQw,25.0290244,121.4732598,3,39,"['drugstore', 'health', 'point_of_interest', 'store', 'establishment']",板橋區雙十路二段213號
999,康是美 雙十門市,ChIJqaSpCkGoQjQRzsb4ObDStA4,25.0309771,121.4713317,4,21,"['drugstore', 'health', 'point_of_interest', 'store', 'establishment']","號1樓, No. 28, 雙十路三段, 板橋區"
1000,康是美,ChIJkba1EhaoQjQRiH6KFQiGkQY,25.021944,121.4672168,4,42,"['drugstore', 'health', 'point_of_interest', 'store', 'establishment']",板橋區文化路一段391號
1001,屈臣氏Watsons (來店取貨),ChIJTUqfCxaoQjQRLfIlHSQhWM8,25.0224099,121.4672421,2.2,29,"['drugstore', 'health', 'point_of_interest', 'store', 'establishment']",板橋區文化路一段411號
1004,康是美莒光門市,ChIJ6XnCY_CpQjQRA5vqoFNpuDs,25.025073,121.469504,3.3,7,"['drugstore', 'health', 'point_of_interest', 'store', 'establishment']",板橋區文化路二段76之2號
1005,康是美 大翠運門市,ChIJ4ZYdKEGoQjQRpAc8lVHr4PA,25.0292623,121.4735839,4.1,19,"['drugstore', 'health', 'point_of_interest', 'store', 'establishment']",板橋區雙十路二段142號220
1006,康是美 民治門市,ChIJS9CU2EWoQjQRFzcFUmjvjJI,25.0308562,121.4780867,4.2,20,"['drugstore', 'health', 'point_of_interest', 'store', 'establishment']",板橋區民治街125號號1樓
1014,屈臣氏Watsons,ChIJ5QYj30WoQjQR94kguE2f7uo,25.0308678,121.4781704,3.9,12,"['drugstore', 'health', 'point_of_interest', 'store', 'establishment']",板橋區民治街123號
1017,屈臣氏Watsons (來店取貨),ChIJ09wC0q6pQjQRUcyLK2e_F28,25.036062,121.499211,3.4,7,"['drugstore', 'health', 'point_of_interest', 'store', 'establishment']",萬華區西園路一段198號
1121,屈臣氏Watsons (來店取貨),ChIJrezWA8erQjQR-geID0vXEV4,25.0416608,121.5571868,2.8,26,"['drugstore', 'health', 'point_of_interest', 'store', 'establishment']",大安區忠孝東路四段339號
1146,屈臣氏Watsons,ChIJPwnCg7yrQjQR4vUfMkSUIQQ,25.041475,121.568816,3.2,39,"['drugstore', 'health', 'point_of_interest', 'store', 'establishment']",信義區永吉路30巷177弄2號
1158,屈臣氏Watsons,ChIJhT_NEqGrQjQRKkHuOYSiKcA,25.040841,121.578389,3.6,36,"['drugstore', 'health', 'point_of_interest', 'store', 'establishment']",信義區忠孝東路五段494號
1165,屈臣氏福德店,ChIJISQmPQqrQjQR_qhuOwfZrYw,25.0382944,121.5842543,3.7,23,"['drugstore', 'health', 'point_of_interest', 'store', 'establishment']",信義區福德街191號1-2F
1168,康是美 (新虎林門市),ChIJQ-114KOrQjQRVVAlupEPiuI,25.04066,121.576827,3.7,37,"['drugstore', 'health', 'point_of_interest', 'store', 'establishment']",信義區忠孝東路五段468號
1187,屈臣氏Watsons 昆陽店,ChIJqZHAHnCrQjQRuS_ST0vZq4E,25.0501661,121.5937953,3.1,11,"['drugstore', 'health', 'point_of_interest', 'store', 'establishment']",南港區忠孝東路六段440號
1189,康是美 (聯運門市),ChIJD2NPG16rQjQRgZLzPg2jv9M,25.050223,121.5938524,3.8,24,"['drugstore', 'health', 'point_of_interest', 'store', 'establishment']",南港區忠孝東路六段446號1樓
1190,康是美佳樂門市,ChIJD2NPG16rQjQR15xaT-8Lq38,25.0544362,121.6059671,4,24,"['drugstore', 'health', 'point_of_interest', 'store', 'establishment']",南港區南港路二段8號
